date,platform,chart,rank,title,author,publisher,category,rating,review_count,product_id,url
2026-08-29,audible_us,best_sellers,1,Dungeon Crawler Carl,Matt Dinniman,,,,67796,B08V8B2CGV,https://www.audible.com/pd/Dungeon-Crawler-Carl-Audiobook/B08V8B2CGV
2026-08-29,audible_us,best_sellers,2,The Calamity Club,Kathryn Stockett,,,,18448,B0FTBK545H,https://www.audible.com/pd/The-Calamity-Club-Audiobook/B0FTBK545H
2026-08-29,audible_us,best_sellers,3,The Dungeon Anarchist's Cookbook,Matt Dinniman,,,,37190,B094XCNV6G,https://www.audible.com/pd/The-Dungeon-Anarchists-Cookbook-Audiobook/B094XCNV6G
2026-08-29,audible_us,best_sellers,4,Carl's Doomsday Scenario,Matt Dinniman,,,,38626,B0934GTSGT,https://www.audible.com/pd/Carls-Doomsday-Scenario-Audiobook/B0934GTSGT
2026-08-29,audible_us,best_sellers,5,This Inevitable Ruin,Matt Dinniman,,,,30082,B0DK282SYV,https://www.audible.com/pd/This-Inevitable-Ruin-Audiobook/B0DK282SYV
2026-08-29,audible_us,best_sellers,6,The Butcher's Masquerade,Matt Dinniman,,,,33253,B09ZJ82C7Y,https://www.audible.com/pd/The-Butchers-Masquerade-Audiobook/B09ZJ82C7Y
2026-08-29,audible_us,best_sellers,7,The Eye of the Bedlam Bride,Matt Dinniman,,,,23622,B0CDXWSS5D,https://www.audible.com/pd/The-Eye-of-the-Bedlam-Bride-Audiobook/B0CDXWSS5D
2026-08-29,audible_us,best_sellers,8,Yesteryear: A GMA Book Club Pick,Caro Claire Burke,,,,16445,B0FKV9JSWV,https://www.audible.com/pd/Yesteryear-A-GMA-Book-Club-Pick-Audiobook/B0FKV9JSWV
2026-08-29,audible_us,best_sellers,9,The Gate of the Feral Gods,Matt Dinniman,,,,30671,B09GCYRZRQ,https://www.audible.com/pd/The-Gate-of-the-Feral-Gods-Audiobook/B09GCYRZRQ
2026-08-29,audible_us,best_sellers,10,Theo of Golden,Allen Levi,,,,31924,B0FTT6KFKR,https://www.audible.com/pd/Theo-of-Golden-Audiobook/B0FTT6KFKR
2026-08-29,audible_us,best_sellers,11,A Parade of Horribles,Matt Dinniman,,,,27393,B0FXY6DVJS,https://www.audible.com/pd/A-Parade-of-Horribles-Audiobook/B0FXY6DVJS
2026-08-29,audible_us,best_sellers,12,Project Hail Mary,Andy Weir,,,,310497,B08G9PRS1K,https://www.audible.com/pd/Project-Hail-Mary-Audiobook/B08G9PRS1K
2026-08-29,audible_us,best_sellers,13,Mad Mabel,Sally Hepworth,,,,11036,B0F9M49CKG,https://www.audible.com/pd/Mad-Mabel-Audiobook/B0F9M49CKG
2026-08-29,audible_us,best_sellers,14,Whistler,Ann Patchett,,,,7148,B0FWG3S57F,https://www.audible.com/pd/Whistler-Audiobook/B0FWG3S57F
2026-08-29,audible_us,best_sellers,15,Red Rising,Pierce Brown,,,,81328,B00I2VWW5U,https://www.audible.com/pd/Red-Rising-Audiobook/B00I2VWW5U
2026-08-29,audible_us,best_sellers,16,The Let Them Theory,Mel Robbins,,,,29329,B0DFMX1RT8,https://www.audible.com/pd/The-Let-Them-Theory-Audiobook/B0DFMX1RT8
2026-08-29,audible_us,best_sellers,17,The Odyssey,Homer,,,,5211,B07GLN33S8,https://www.audible.com/pd/The-Odyssey-Audiobook/B07GLN33S8
2026-08-29,audible_us,best_sellers,18,Harry Potter and the Sorcerer’s Stone (Full-Cast Edition),J.K. Rowling,,,,16730,B0F14RPXHR,https://www.audible.com/pd/Harry-Potter-and-the-Sorcerers-Stone-Full-Cast-Edition-Audiobook/B0F14RPXHR
2026-08-29,audible_us,best_sellers,19,Stop Letting Everything Affect You,Daniel Chidiac,,,,3138,B0FJPBJP4Y,https://www.audible.com/pd/Stop-Letting-Everything-Affect-You-Audiobook/B0FJPBJP4Y
2026-08-29,audible_us,best_sellers,20,Kingdom of Ash,Sarah J. Maas,,,,42190,B07J682QY2,https://www.audible.com/pd/Kingdom-of-Ash-Audiobook/B07J682QY2
2026-08-29,audible_us,best_sellers,21,The Correspondent,Virginia Evans,,,,30214,B0DG3SGZYN,https://www.audible.com/pd/The-Correspondent-Audiobook/B0DG3SGZYN
2026-08-29,audible_us,best_sellers,22,Just for the Plot,Meghan Quinn,,,,1521,B0H9YYPJ98,https://www.audible.com/pd/Just-for-the-Plot-Audiobook/B0H9YYPJ98
2026-08-29,audible_us,best_sellers,23,Tower of Dawn,Sarah J. Maas,,,,28567,B0759X8K2X,https://www.audible.com/pd/Tower-of-Dawn-Audiobook/B0759X8K2X
2026-08-29,audible_us,best_sellers,24,Empire of Storms,Sarah J. Maas,,,,33952,B01KIQVHL6,https://www.audible.com/pd/Empire-of-Storms-Audiobook/B01KIQVHL6
2026-08-29,audible_us,best_sellers,25,Harry Potter and the Deathly Hallows (Full-Cast Edition),J.K. Rowling,,,,5638,B0F14RVHWN,https://www.audible.com/pd/Harry-Potter-and-the-Deathly-Hallows-Full-Cast-Edition-Audiobook/B0F14RVHWN
2026-08-29,audible_us,best_sellers,26,Harry Potter and the Chamber of Secrets (Full-Cast Edition),J.K. Rowling,,,,7453,B0F154ZCSN,https://www.audible.com/pd/Harry-Potter-and-the-Chamber-of-Secrets-Full-Cast-Edition-Audiobook/B0F154ZCSN
2026-08-29,audible_us,best_sellers,27,Harry Potter and the Prisoner of Azkaban (Full-Cast Edition),J.K. Rowling,,,,6508,B0F14PK33J,https://www.audible.com/pd/Harry-Potter-and-the-Prisoner-of-Azkaban-Full-Cast-Edition-Audiobook/B0F14PK33J
2026-08-29,audible_us,best_sellers,28,Queen of Shadows,Sarah J. Maas,,,,22258,B012BTUEVC,https://www.audible.com/pd/Queen-of-Shadows-Audiobook/B012BTUEVC
2026-08-29,audible_us,best_sellers,29,Harry Potter and the Goblet of Fire (Full-Cast Edition),J.K. Rowling,,,,5815,B0F14PB6WN,https://www.audible.com/pd/Harry-Potter-and-the-Goblet-of-Fire-Full-Cast-Edition-Audiobook/B0F14PB6WN
2026-08-29,audible_us,best_sellers,30,Throne of Glass,Sarah J. Maas,,,,29417,,https://www.audible.com/pd/Throne-of-Glass-Audiobook/1547607548
2026-08-29,audible_us,best_sellers,31,Harry Potter and the Half-Blood Prince (Full-Cast Edition),J.K. Rowling,,,,4343,B0F14KKPH6,https://www.audible.com/pd/Harry-Potter-and-the-Half-Blood-Prince-Full-Cast-Edition-Audiobook/B0F14KKPH6
2026-08-29,audible_us,best_sellers,32,Harry Potter and the Order of the Phoenix (Full-Cast Edition),J.K. Rowling,,,,5017,B0F14P2632,https://www.audible.com/pd/Harry-Potter-and-the-Order-of-the-Phoenix-Full-Cast-Edition-Audiobook/B0F14P2632
2026-08-29,audible_us,best_sellers,33,Golden Son,Pierce Brown,,,,56612,B00R6S1RCY,https://www.audible.com/pd/Golden-Son-Audiobook/B00R6S1RCY
2026-08-29,audible_us,best_sellers,34,Verity,Colleen Hoover,,,,141957,B07Q769RZS,https://www.audible.com/pd/Verity-Audiobook/B07Q769RZS
2026-08-29,audible_us,best_sellers,35,The Divorce,Freida McFadden,,,,7860,B0GL9NBTV4,https://www.audible.com/pd/The-Divorce-Audiobook/B0GL9NBTV4
2026-08-29,audible_us,best_sellers,36,Haunting Adeline,H. D. Carlton,,,,1146,B0GJ6Y7NJ7,https://www.audible.com/ac/Haunting-Adeline-Audiobook/B0GJ6Y7NJ7
2026-08-29,audible_us,best_sellers,37,Heir of Fire,Sarah J. Maas,,,,22433,B09CHBJYZC,https://www.audible.com/pd/Heir-of-Fire-Audiobook/B09CHBJYZC
2026-08-29,audible_us,best_sellers,38,Morning Star,Pierce Brown,,,,55250,B019NMZ6FE,https://www.audible.com/pd/Morning-Star-Audiobook/B019NMZ6FE
2026-08-29,audible_us,best_sellers,39,Crown of Midnight,Sarah J. Maas,,,,23899,,https://www.audible.com/pd/Crown-of-Midnight-Audiobook/1547607556
2026-08-29,audible_us,best_sellers,40,Fourth Wing,Rebecca Yarros,,,,57724,B0BVD25SYT,https://www.audible.com/pd/Fourth-Wing-Audiobook/B0BVD25SYT
2026-08-29,audible_us,best_sellers,41,Atomic Habits,James Clear,,,,148968,,https://www.audible.com/pd/Atomic-Habits-Audiobook/1524779261
2026-08-29,audible_us,best_sellers,42,The Assassin's Blade,Sarah J. Maas,,,,16199,,https://www.audible.com/pd/The-Assassins-Blade-Audiobook/1547608781
2026-08-29,audible_us,best_sellers,43,The Deal,Elle Kennedy,,,,5875,B01496UFPA,https://www.audible.com/pd/The-Deal-Audiobook/B01496UFPA
2026-08-29,audible_us,best_sellers,44,"Celestine Prophecy, The",James Redfield,,,,958,,https://www.audible.com/pd/The-Celestine-Prophecy-Audiobook/1549148427
2026-08-29,audible_us,best_sellers,45,The Primal Hunter 15,Zogarth,,,,1655,B0H8ZSFTG9,https://www.audible.com/pd/The-Primal-Hunter-15-Audiobook/B0H8ZSFTG9
2026-08-29,audible_us,best_sellers,46,The Stone Sisters,Margot Hunt,,,,2692,B0H2NCSTVL,https://www.audible.com/pd/The-Stone-Sisters-Audiobook/B0H2NCSTVL
2026-08-29,audible_us,best_sellers,47,A Court of Thorns and Roses,Sarah J. Maas,,,,79324,B00WRHY15Y,https://www.audible.com/pd/A-Court-of-Thorns-and-Roses-Audiobook/B00WRHY15Y
2026-08-29,audible_us,best_sellers,48,The Score,Elle Kennedy,,,,3788,B01LZIRXG8,https://www.audible.com/pd/The-Score-Audiobook/B01LZIRXG8
2026-08-29,audible_us,best_sellers,49,House of Earth and Blood,Sarah J. Maas,,,,42533,B082YHZPTY,https://www.audible.com/pd/House-of-Earth-and-Blood-Audiobook/B082YHZPTY
2026-08-29,audible_us,best_sellers,50,Light Bringer,Pierce Brown,,,,12541,B0C28WLQP1,https://www.audible.com/pd/Light-Bringer-Audiobook/B0C28WLQP1
